account_id,date,revenue,expense,balance,transaction_count,overdue_amount,payment_delay_days
ACC-107,2024-06-09,13437.54,13849.38,390.98,31,1342.31,40
ACC-126,2023-10-28,13974.21,10458.62,3158.82,48,0.0,0
ACC-138,2023-04-20,16066.72,10520.03,4780.41,46,534.87,14
ACC-114,2024-01-22,40087.44,25423.31,15048.42,143,0.0,0
ACC-118,2023-12-15,28413.92,27001.5,1405.41,128,0.0,0
ACC-108,2023-12-09,16745.19,17696.7,-1251.25,42,5494.76,41
ACC-114,2023-04-08,8632.66,8645.23,27.58,20,9288.19,10
ACC-112,2023-10-31,9875.62,6793.43,2712.92,25,0.0,0
ACC-104,2024-11-11,43929.26,29888.95,13690.99,150,0.0,0
ACC-113,2024-06-14,42057.17,27735.74,13361.25,134,530.65,8
ACC-140,2024-09-02,5180.76,4189.8,422.46,13,0.0,0
ACC-122,2023-09-04,8731.77,5249.96,2949.01,31,0.0,0
ACC-135,2023-11-02,42349.31,43542.47,-1009.51,157,6901.54,84
ACC-146,2023-03-01,48940.99,51051.44,-2567.8,232,5290.03,10
ACC-110,2023-12-30,7220.93,5479.19,2278.51,29,0.0,0
ACC-136,2024-09-17,14108.17,8548.98,5635.05,39,1589.3,14
ACC-146,2023-08-31,19942.55,16461.39,3971.04,86,0.0,0
ACC-117,2024-11-21,44269.45,29761.67,14646.73,181,150.71,8
ACC-135,2024-12-11,47918.57,30650.9,18011.42,103,0.0,0
ACC-130,2023-11-30,40700.74,30035.63,10059.5,117,880.59,4
ACC-136,2024-08-30,34481.06,37145.11,-1893.67,116,4303.61,82
ACC-120,2024-07-15,43116.95,29380.73,14151.16,93,0.0,0
ACC-130,2023-01-23,28821.67,31363.67,-1627.91,58,6340.66,70
ACC-103,2024-06-12,23866.92,24494.02,72.85,114,6621.94,64
ACC-105,2024-06-20,47837.7,49084.75,-720.96,119,7448.19,56
ACC-134,2024-06-02,20316.73,20994.89,-1131.68,45,2286.51,14
ACC-142,2023-04-22,48385.52,38600.54,10774.78,115,0.0,0
ACC-125,2024-06-22,26888.45,25326.17,1108.45,80,1136.13,15
ACC-105,2024-08-12,18118.66,17852.82,-133.54,38,0.0,0
ACC-126,2024-11-01,32622.17,22626.68,10184.38,82,0.0,0
ACC-104,2023-05-08,20621.79,18670.4,988.74,101,197.05,13
ACC-115,2024-05-12,31140.49,27786.44,2673.86,103,0.0,0
ACC-146,2023-12-10,18243.71,15273.16,3204.79,51,0.0,0
ACC-149,2024-08-10,38700.17,30517.12,7831.11,95,0.0,0
ACC-135,2024-12-30,41174.83,28109.98,13921.13,108,0.0,0
ACC-117,2023-05-26,29347.65,27821.67,1023.97,83,1103.3,1
ACC-132,2023-03-26,41409.09,42892.52,-2380.39,85,8198.46,59
ACC-116,2024-06-29,5707.96,5200.41,1354.35,13,1157.0,10
ACC-113,2023-05-09,39410.25,35473.64,3516.15,136,0.0,0
ACC-145,2024-07-27,38837.29,25697.43,12181.18,79,0.0,0
ACC-144,2024-06-28,39954.93,25831.61,13610.19,145,0.0,0
ACC-124,2024-05-18,6306.24,3955.52,2421.75,14,665.21,9
ACC-107,2024-01-11,13894.12,9035.34,4128.14,37,0.0,0
ACC-116,2024-05-09,25367.65,27646.61,-3107.03,56,7803.28,89
ACC-135,2024-07-03,40508.12,30721.01,10050.57,86,0.0,0
ACC-119,2023-08-12,39717.5,29337.7,10260.51,116,0.0,0
ACC-104,2023-04-02,16100.48,9917.17,6512.97,35,1038.84,1
ACC-124,2024-09-15,16814.95,17191.33,-1353.77,37,6118.13,69
ACC-106,2024-07-31,11837.2,11397.82,581.51,30,1527.79,5
ACC-110,2023-04-05,23149.8,25245.07,-2911.83,69,1159.77,74
ACC-130,2024-02-18,18861.42,20482.75,-994.45,76,4299.98,19
ACC-107,2024-04-15,15586.23,10374.17,5945.01,45,0.0,0
ACC-148,2024-10-07,27883.65,25110.59,3028.82,107,1933.69,10
ACC-141,2023-12-30,34515.42,34848.34,29.07,167,9655.13,76
ACC-146,2024-11-12,46999.99,38809.73,8551.41,220,0.0,0
ACC-138,2024-03-10,34512.95,25645.77,8715.68,78,0.0,0
ACC-127,2023-07-09,6681.74,4717.98,1559.41,14,0.0,0
ACC-149,2024-10-08,37898.11,23510.21,14660.01,102,0.0,0
ACC-126,2024-08-23,5531.73,3596.26,1703.79,11,1713.36,2
ACC-107,2023-01-19,48783.7,45903.09,3629.43,155,0.0,0
ACC-143,2023-10-13,45520.56,40772.7,5674.02,211,0.0,0
ACC-131,2023-11-11,40730.72,41872.69,-195.17,99,7770.99,85
ACC-132,2023-02-17,22744.9,16466.61,6434.73,71,0.0,0
ACC-143,2023-08-16,46580.49,33425.37,14107.19,97,0.0,0
ACC-125,2023-08-17,37353.37,33126.48,4465.6,157,0.0,0
ACC-108,2024-11-13,34428.82,24678.73,9279.8,126,0.0,0
ACC-125,2024-12-01,5245.28,4373.43,877.63,23,0.0,0
ACC-136,2024-11-26,10459.54,8742.43,2348.89,25,0.0,0
ACC-105,2024-01-16,16976.91,11277.62,6192.12,50,1776.64,9
ACC-130,2023-06-11,32443.94,25494.5,7129.6,71,0.0,0
ACC-105,2024-01-12,41673.04,41223.41,760.12,131,1440.6,1
ACC-130,2023-02-10,21790.51,16748.43,5323.79,90,0.0,0
ACC-115,2024-11-17,14080.63,12310.54,907.37,63,0.0,0
ACC-148,2023-08-08,47362.75,40858.29,5898.92,111,0.0,0
ACC-141,2023-10-11,23314.58,15904.5,6907.67,47,0.0,0
ACC-146,2024-02-02,15935.98,16632.2,75.07,47,7086.14,37
ACC-146,2024-04-27,45861.44,36432.76,9353.35,123,0.0,0
ACC-135,2023-02-28,13161.87,10256.18,2020.0,56,0.0,0
ACC-129,2023-04-09,19151.16,18609.27,348.8,41,0.0,0
ACC-128,2023-02-20,28300.85,18643.71,9198.08,91,0.0,0
ACC-128,2024-03-12,45557.0,35089.78,10087.03,127,0.0,0
ACC-131,2023-01-01,49561.06,33402.9,17087.5,219,0.0,0
ACC-145,2024-01-06,16596.88,15409.21,689.66,41,1678.56,12
ACC-102,2024-04-15,45424.21,33502.9,11618.13,96,0.0,0
ACC-127,2023-10-21,36823.31,24031.39,12092.15,105,0.0,0
ACC-135,2023-01-01,45349.78,28409.37,17377.85,110,906.99,10
ACC-115,2024-03-26,21086.17,16694.76,5227.64,43,0.0,0
ACC-138,2023-08-01,45617.64,33434.57,13152.99,206,0.0,0
ACC-121,2023-06-08,45630.79,35347.99,10685.39,218,0.0,0
ACC-147,2023-02-10,27381.51,22050.66,5520.07,64,0.0,0
ACC-119,2023-07-21,41034.9,36444.66,4825.2,124,0.0,0
ACC-102,2023-01-06,35164.07,25454.8,10115.12,91,0.0,0
ACC-105,2024-05-27,13630.87,11345.63,3100.78,37,0.0,0
ACC-136,2023-11-23,14796.78,14390.88,1168.17,58,0.0,0
ACC-123,2023-09-01,27627.0,19217.67,9167.35,68,0.0,0
ACC-108,2024-06-06,46621.8,49188.41,-2466.49,177,6524.05,49
ACC-132,2024-08-02,41122.55,31998.02,8216.9,82,0.0,0
ACC-121,2024-06-22,20071.97,12457.53,7936.02,61,0.0,0
ACC-140,2024-10-27,48084.08,48988.96,-294.14,96,7535.14,33
ACC-145,2023-11-09,49783.97,41167.31,8661.91,130,0.0,0
ACC-128,2024-10-24,34447.58,24197.28,11206.95,125,0.0,0
ACC-111,2024-02-28,36429.51,25127.87,10530.24,112,84.33,7
ACC-143,2023-10-27,31862.29,32705.72,-1481.79,87,8165.35,18
ACC-140,2023-09-03,30464.08,31973.47,-1543.67,80,7112.86,85
ACC-135,2023-01-01,15833.44,11922.16,3647.59,44,0.0,0
ACC-104,2023-09-08,16042.57,12409.31,3350.07,53,0.0,0
ACC-129,2024-02-20,35600.44,24283.74,12208.33,74,0.0,0
ACC-137,2023-02-10,37955.88,36435.46,1388.35,130,0.0,0
ACC-119,2024-09-09,37925.33,30218.82,7701.05,168,1501.11,14
ACC-119,2023-06-30,24099.39,15104.17,8446.12,87,0.0,0
ACC-136,2024-10-24,36819.98,37681.98,99.83,168,9128.13,11
ACC-103,2023-06-19,19487.11,15715.17,4094.74,57,0.0,0
ACC-114,2024-01-13,43278.42,26708.85,16636.79,208,0.0,0
ACC-110,2024-12-21,11739.18,11128.66,547.95,35,1149.46,3
ACC-106,2024-09-14,48807.1,43579.76,4954.81,120,1495.1,6
ACC-122,2023-07-16,18522.69,16253.08,3195.92,43,873.78,11
ACC-126,2023-07-22,37296.04,39879.45,-3420.52,87,6119.71,14
ACC-137,2024-02-08,21256.9,16977.46,5024.27,81,0.0,0
ACC-106,2023-01-27,46184.92,42020.43,5125.58,214,1247.37,13
ACC-114,2024-12-31,39728.55,30320.08,9774.15,115,0.0,0
ACC-138,2023-03-30,15731.92,12717.72,3954.88,32,0.0,0
ACC-138,2023-02-22,19161.27,16642.52,3094.54,67,0.0,0
ACC-111,2023-03-19,8054.51,5903.2,1990.46,19,0.0,0
ACC-133,2024-11-12,30437.72,18820.81,10792.13,84,1613.52,11
ACC-117,2023-10-12,38884.9,37985.65,-48.9,103,1166.31,12
ACC-133,2024-09-11,39904.78,27367.94,13063.45,135,0.0,0
ACC-107,2023-04-13,49647.15,52111.13,-2309.0,121,2528.86,15
ACC-112,2023-01-23,44983.71,30823.92,13258.14,101,0.0,0
ACC-106,2023-04-20,48636.02,48830.2,-437.76,118,5187.21,60
ACC-136,2023-05-07,47813.41,50714.31,-3786.4,157,7355.03,70
ACC-144,2024-12-25,19109.28,11515.98,6993.96,40,1496.28,4
ACC-114,2023-04-27,15160.96,12116.43,2874.7,30,0.0,0
ACC-124,2024-09-20,15274.67,14187.33,1431.53,47,1244.12,15
ACC-143,2024-11-03,38102.94,39975.55,-1666.71,115,6718.84,21
ACC-144,2023-07-02,33653.47,22304.76,12318.71,71,0.0,0
ACC-115,2024-09-02,32842.34,33325.6,-1348.93,93,8972.88,54
ACC-118,2023-10-09,12724.14,12462.03,-392.82,42,0.0,0
ACC-129,2024-10-12,42991.56,43717.8,-921.68,119,9866.15,38
ACC-149,2023-07-22,36127.32,23450.13,13640.79,161,0.0,0
ACC-124,2023-11-18,30139.42,19604.67,11034.31,68,0.0,0
ACC-146,2024-09-17,26193.5,24389.11,1642.64,54,1859.43,10
ACC-104,2024-09-25,46924.49,30868.44,17042.53,113,0.0,0
ACC-149,2024-04-14,25116.73,18855.64,6332.08,54,0.0,0
ACC-132,2024-09-22,12274.47,8720.31,4053.49,44,393.51,3
ACC-128,2023-01-25,10544.62,7222.15,2534.92,39,0.0,0
ACC-116,2024-10-28,46795.59,36685.37,9865.02,224,0.0,0
ACC-149,2024-09-04,22916.25,17612.65,6243.11,66,0.0,0
ACC-126,2023-03-20,16841.69,15559.38,1611.27,38,0.0,0
ACC-133,2023-06-16,43624.32,33345.15,11081.11,155,597.47,2
ACC-145,2023-08-03,34764.89,25637.3,9205.74,82,0.0,0
ACC-139,2024-09-01,27061.78,25715.44,1593.7,70,0.0,0
ACC-147,2024-09-04,26107.47,25989.24,721.12,66,0.0,0
ACC-147,2024-01-25,20656.32,19560.94,895.57,91,0.0,0
ACC-119,2023-01-19,15297.07,13518.61,1055.57,31,0.0,0
ACC-100,2024-03-18,9727.7,9028.01,-241.81,31,0.0,0
ACC-149,2023-12-09,42726.08,28912.13,14486.25,170,1880.03,15
ACC-138,2024-05-06,29420.76,18676.74,11701.95,67,0.0,0
ACC-107,2024-08-05,31469.57,22678.24,8443.66,90,0.0,0
ACC-111,2024-07-07,38138.55,35801.76,2720.71,172,0.0,0
ACC-127,2024-12-18,16557.68,15042.79,659.0,36,0.0,0
ACC-143,2024-10-25,29514.73,22661.19,6374.08,83,0.0,0
ACC-122,2024-04-19,30374.99,25980.96,3775.96,72,0.0,0
ACC-108,2023-02-27,39337.3,35895.88,3413.91,107,0.0,0
ACC-130,2024-11-26,39441.42,24170.64,15585.45,89,0.0,0
ACC-136,2023-07-07,7809.81,7335.12,-150.41,17,0.0,0
ACC-148,2024-03-21,13833.74,14055.02,-756.87,32,4928.48,26
ACC-106,2024-09-24,35503.99,32010.38,3323.06,95,0.0,0
ACC-144,2023-03-22,35017.18,27140.08,7173.24,72,1705.48,6
ACC-142,2024-09-08,48250.52,50390.44,-2131.83,162,4667.32,89
ACC-136,2024-04-29,18830.53,13874.7,4420.55,66,0.0,0
ACC-100,2023-09-30,7482.95,6002.89,1569.7,17,0.0,0
ACC-112,2024-10-06,6704.75,5063.71,1778.09,18,0.0,0
ACC-104,2024-08-15,19386.0,18796.39,272.56,40,0.0,0
ACC-125,2024-07-27,39044.45,26572.38,13363.78,94,0.0,0
ACC-148,2024-03-19,12354.02,12629.16,-658.47,28,2114.5,25
ACC-137,2023-12-11,37356.02,22694.73,15481.94,148,0.0,0
ACC-142,2023-11-03,14173.75,9977.08,3698.99,32,0.0,0
ACC-108,2024-03-24,31979.72,27089.35,4871.86,91,0.0,0
ACC-111,2023-06-15,8436.99,9116.74,-1231.9,22,3118.24,40
ACC-107,2024-04-05,21348.27,22916.41,-2039.38,66,8394.63,29
ACC-105,2023-04-10,5727.13,5366.26,214.56,15,0.0,0
ACC-128,2024-11-20,16905.08,11253.26,6048.82,33,0.0,0
ACC-141,2023-10-08,45690.19,43776.88,1465.0,96,0.0,0
ACC-129,2023-11-04,29765.63,26005.51,4487.03,137,0.0,0
ACC-116,2023-09-14,43926.76,47624.88,-4302.72,113,2270.54,11
ACC-148,2023-12-16,16857.96,11259.25,6439.8,38,0.0,0
ACC-144,2023-12-31,27107.26,25500.88,1563.02,133,0.0,0
ACC-149,2024-06-14,34739.79,26054.11,7883.56,72,0.0,0
ACC-111,2023-07-15,15530.11,16782.33,-1212.85,58,7057.47,27
ACC-113,2024-06-13,35547.71,34976.19,1302.33,137,0.0,0
ACC-127,2024-01-20,26574.93,22392.35,3942.83,66,1367.59,7
ACC-111,2024-08-19,36546.01,30124.62,6401.8,79,0.0,0
ACC-135,2023-09-14,47525.02,37928.97,9256.19,121,0.0,0
ACC-142,2024-10-22,26322.2,28816.96,-2244.17,73,4862.01,83
ACC-110,2024-10-07,32347.26,29946.16,2305.69,98,0.0,0
ACC-147,2024-01-19,35433.22,28137.09,8174.64,99,0.0,0
ACC-115,2023-06-18,38145.33,40921.92,-1968.43,84,4749.16,16
ACC-122,2024-04-27,29645.07,20200.31,9508.73,59,0.0,0
ACC-130,2023-06-13,47162.44,35235.77,12809.87,151,0.0,0
ACC-120,2023-05-06,35797.73,22571.44,12997.91,123,0.0,0
ACC-131,2023-11-17,29949.11,28283.31,1464.66,67,0.0,0
ACC-143,2023-11-15,23307.13,25465.2,-2964.39,55,3208.54,40
ACC-116,2024-01-31,44352.32,42350.05,2763.29,157,0.0,0
ACC-120,2024-06-17,25841.71,19678.26,6944.15,57,0.0,0
ACC-124,2023-01-10,42600.48,27334.93,15361.57,104,0.0,0
ACC-128,2024-07-24,32428.83,34220.23,-1054.18,92,7292.8,87
ACC-133,2023-03-12,39245.03,28173.87,10996.1,100,0.0,0
ACC-123,2023-03-08,7667.92,8236.54,-59.16,20,4445.8,51
ACC-127,2024-07-06,24409.79,14732.65,9215.57,60,0.0,0
ACC-111,2024-04-07,34353.9,35710.56,-1072.45,81,6205.11,36
ACC-110,2023-09-27,15362.43,12510.52,3770.41,41,202.71,10
ACC-100,2024-06-25,39212.44,36599.45,2850.32,78,0.0,0
ACC-112,2024-04-24,5879.13,6110.73,726.5,24,4516.77,10
ACC-119,2023-02-21,25359.87,27484.72,-1674.19,50,3278.34,40
ACC-123,2024-08-17,35254.95,23777.68,11467.38,113,0.0,0
ACC-139,2024-09-05,26881.59,20174.38,7650.3,123,0.0,0
ACC-149,2023-11-18,47239.54,48738.83,-1913.77,129,2165.77,85
ACC-125,2023-09-08,41576.89,43435.39,-1242.02,165,8503.55,34
ACC-111,2024-12-16,17104.97,11902.08,5140.72,37,0.0,0
ACC-104,2024-09-16,17201.32,17613.55,-376.23,54,9431.99,48
ACC-120,2023-12-06,37031.58,29128.32,7284.5,133,0.0,0
ACC-149,2023-11-20,47525.92,48472.7,-1573.59,97,1425.35,74
ACC-100,2024-03-14,45760.97,38106.77,8163.1,116,0.0,0
ACC-143,2024-05-06,8045.24,8647.14,-1141.25,38,3265.49,80
ACC-135,2023-05-09,33134.72,31060.42,2515.44,93,1698.62,12
ACC-124,2024-11-10,14772.87,15472.15,-256.38,44,8740.27,72
ACC-144,2024-09-24,7685.91,6167.89,912.26,28,0.0,0
ACC-146,2023-03-28,31262.66,20554.22,10023.86,69,1072.05,4
ACC-123,2023-09-15,36193.32,36345.33,-723.36,133,7425.0,30
ACC-132,2023-01-02,47566.37,39935.64,8097.08,114,904.18,9
ACC-106,2023-02-01,31385.41,21057.2,10845.85,110,0.0,0
ACC-140,2023-12-11,17222.87,12567.94,5299.99,38,0.0,0
ACC-104,2023-11-29,48007.55,32117.71,15337.03,123,967.06,12
ACC-123,2023-04-20,44254.02,42823.81,620.36,91,1135.28,8
ACC-147,2023-08-08,10358.59,11239.01,17.77,29,4802.57,78
ACC-118,2023-07-11,17502.4,12496.15,4954.42,86,0.0,0
ACC-129,2024-01-23,37112.9,28030.66,8130.74,89,0.0,0
ACC-126,2024-01-21,9520.56,7377.73,1907.39,26,0.0,0
ACC-109,2023-12-27,14900.45,11333.82,3300.12,31,0.0,0
ACC-106,2024-02-26,9474.33,9384.93,-91.32,29,1174.06,15
ACC-139,2024-03-29,13915.0,13860.77,833.78,29,0.0,0
ACC-104,2024-09-28,26634.46,27911.99,-1750.52,85,2199.41,12
ACC-142,2023-07-15,17112.34,14753.91,2842.05,63,0.0,0
ACC-131,2023-06-04,30519.71,20293.85,10676.6,84,0.0,0
ACC-148,2023-07-03,18941.03,18511.55,-107.67,41,0.0,0
ACC-129,2023-07-31,42006.87,29174.73,13649.2,106,0.0,0
ACC-106,2023-09-13,47296.37,28465.64,18162.57,120,0.0,0
ACC-137,2024-09-29,28167.87,25947.48,1249.91,78,0.0,0
ACC-133,2023-11-25,5544.71,5954.66,423.21,14,2722.84,26
ACC-116,2023-06-11,24031.53,26376.94,-1416.42,86,9176.99,26
ACC-127,2023-08-24,18307.85,11329.56,6166.76,58,0.0,0
ACC-138,2024-10-30,17308.12,18191.39,-1401.31,40,8629.34,62
ACC-138,2024-07-26,43304.85,43046.07,1059.58,87,0.0,0
ACC-141,2024-10-14,5774.88,6173.27,116.29,17,9709.77,30
ACC-102,2024-07-12,25396.26,15414.37,9362.81,73,0.0,0
ACC-131,2023-11-05,37789.17,34795.88,3285.95,107,0.0,0
ACC-100,2024-12-29,17430.21,14981.03,3026.44,55,0.0,0
ACC-137,2023-10-15,14537.51,13177.27,2283.24,42,0.0,0
ACC-120,2023-12-04,10462.18,8888.36,1086.76,42,0.0,0
ACC-144,2023-10-15,37156.57,24391.44,13305.47,105,0.0,0
ACC-127,2024-10-27,15339.81,10621.04,4526.29,51,0.0,0
ACC-119,2023-02-08,46547.89,44733.45,1733.76,122,0.0,0
ACC-124,2023-01-21,33703.96,31856.37,1848.51,106,0.0,0
ACC-111,2023-02-15,32676.52,21942.64,11277.54,105,0.0,0
ACC-118,2024-01-13,7960.69,8703.07,-745.74,18,2164.65,89
ACC-126,2024-11-17,39289.76,36086.87,3542.87,146,0.0,0
ACC-132,2023-09-29,19107.4,11965.02,7468.28,55,0.0,0
ACC-133,2023-05-25,32613.8,34674.99,-2201.01,82,7394.18,51
ACC-114,2023-08-14,5687.05,5372.96,-21.87,14,28.27,7
ACC-101,2023-07-20,20697.65,20352.74,-344.09,65,0.0,0
ACC-109,2024-10-27,48937.52,44789.81,3440.43,132,0.0,0
ACC-144,2023-03-16,15241.78,11888.87,2970.23,33,0.0,0
ACC-107,2024-09-10,35159.98,28949.4,6821.04,120,0.0,0
ACC-115,2023-03-15,41874.02,44769.7,-3164.04,131,6544.02,45
ACC-134,2023-03-30,39965.28,36822.18,2629.89,90,236.48,13
ACC-117,2024-06-30,39922.7,34400.1,5984.41,151,0.0,0
ACC-110,2023-04-05,28775.53,29378.22,-299.32,73,6972.54,12
ACC-107,2023-04-16,22241.93,18013.23,3875.23,69,1979.9,9
ACC-102,2023-02-17,47797.78,31731.15,15993.29,124,0.0,0
ACC-117,2023-11-23,8363.5,7392.0,1052.66,25,0.0,0
ACC-131,2024-06-17,36393.73,26697.03,9951.71,106,0.0,0
ACC-115,2024-03-10,12126.39,9089.41,3858.15,28,0.0,0
ACC-110,2023-05-29,19170.91,11942.43,7648.5,86,0.0,0
ACC-119,2024-09-18,32784.18,32848.71,-893.91,90,8244.28,21
ACC-135,2024-07-27,47505.48,31911.45,16267.33,125,0.0,0
ACC-135,2023-09-29,31145.12,20610.72,9924.22,146,0.0,0
ACC-128,2024-08-13,43927.29,46022.63,-1288.47,96,9019.28,73
ACC-100,2024-10-01,28373.53,17667.48,10979.36,78,988.05,12
ACC-124,2023-05-07,12109.55,9238.05,3036.21,31,275.2,5
ACC-124,2024-11-13,25114.69,20272.3,4025.11,60,0.0,0
ACC-105,2024-11-04,32691.45,22287.69,11276.86,126,0.0,0
ACC-111,2024-10-17,24322.72,21827.06,3233.42,98,1294.72,13
ACC-104,2023-04-18,33370.98,24626.22,8532.63,116,0.0,0
ACC-122,2023-09-25,30448.5,31002.69,-659.87,64,6563.31,28
ACC-112,2023-07-30,8500.13,6059.45,2109.38,27,0.0,0
ACC-145,2024-04-28,34849.0,36765.79,-2624.7,115,7332.06,17
ACC-129,2023-08-19,30811.44,31940.73,-993.13,147,5354.19,27
ACC-104,2024-03-21,29007.32,29077.26,-602.12,63,6777.01,81
ACC-113,2024-06-01,21891.38,14261.75,8209.23,54,1388.81,4
ACC-128,2023-09-20,6082.34,3866.94,3031.43,29,0.0,0
ACC-142,2023-06-15,41331.65,34887.81,6180.49,129,426.58,5
ACC-109,2023-04-29,42497.97,33276.07,9206.73,200,0.0,0
ACC-128,2024-04-17,33051.58,22822.01,10170.76,78,0.0,0
ACC-133,2024-06-18,38949.69,28143.53,11475.59,93,0.0,0
ACC-109,2023-07-05,28948.93,24987.04,4110.75,98,0.0,0
ACC-135,2024-09-05,33918.99,25574.33,8104.85,85,0.0,0
ACC-135,2023-05-27,48736.36,43274.65,4922.71,154,0.0,0
ACC-105,2024-03-12,30047.01,31016.65,-1415.95,128,6446.71,88
ACC-149,2023-10-18,40099.97,41190.31,-998.97,116,7324.95,54
ACC-135,2023-09-15,33150.11,24811.64,9112.38,118,0.0,0
ACC-116,2023-01-05,19063.23,12645.03,6308.98,45,0.0,0
ACC-115,2023-02-23,9447.27,8727.75,1089.81,28,0.0,0
ACC-121,2023-11-29,37495.36,30185.69,7456.36,114,0.0,0
ACC-100,2023-06-14,31014.25,32056.99,-249.55,72,2303.1,79
ACC-146,2024-06-04,22091.24,21755.49,-519.76,58,0.0,0
ACC-101,2023-05-19,16092.7,17214.02,-1222.28,51,3580.35,77
ACC-149,2024-10-05,25832.36,20227.51,6357.49,59,0.0,0
ACC-115,2024-09-09,25649.96,16497.24,9094.6,120,0.0,0
ACC-148,2024-11-22,40119.69,37140.97,3905.23,88,749.14,9
ACC-145,2023-06-09,49925.07,46797.85,3307.45,117,353.7,10
ACC-126,2023-03-15,12296.01,9396.73,3873.06,24,0.0,0
ACC-102,2023-10-23,48981.57,50865.26,-2282.9,170,6348.78,35
ACC-112,2024-01-09,48560.13,41129.29,7695.32,161,0.0,0
ACC-115,2023-09-25,26735.83,25654.1,222.9,74,0.0,0
ACC-126,2023-01-24,24540.62,23745.94,1153.02,52,0.0,0
ACC-136,2024-01-22,30969.89,18937.94,12337.29,100,825.79,10
ACC-117,2024-07-12,11347.57,8077.73,2921.14,23,0.0,0
ACC-148,2023-09-15,26670.35,29028.51,-1382.58,55,1516.0,22
ACC-130,2023-11-19,31176.69,22002.6,8759.72,63,0.0,0
ACC-102,2024-05-19,48480.87,48912.32,-934.28,177,8250.33,17
ACC-137,2024-05-24,37067.82,38048.04,-1068.56,76,8265.24,71
ACC-134,2024-05-13,48492.93,51272.4,-2802.21,113,5885.63,83
ACC-108,2023-09-19,46914.01,37660.89,9528.12,202,0.0,0
ACC-112,2023-02-07,31375.83,31807.18,358.8,121,7422.57,68
ACC-109,2023-06-04,45762.51,48264.39,-2603.07,132,4019.46,85
ACC-100,2024-06-09,5852.92,4420.78,769.32,11,0.0,0
ACC-119,2023-06-12,11610.46,7906.78,4496.18,26,0.0,0
ACC-102,2023-03-15,22767.81,19045.55,4167.65,68,0.0,0
ACC-109,2023-01-21,10037.7,7857.42,2125.73,21,387.13,2
ACC-104,2024-06-20,38031.77,26431.35,10977.82,99,0.0,0
ACC-148,2023-04-20,27061.94,19563.31,7625.68,73,0.0,0
ACC-139,2023-08-06,22831.33,24542.81,-2217.67,48,3608.89,54
ACC-113,2023-06-03,12943.61,9548.86,2394.95,33,0.0,0
ACC-136,2024-09-02,40921.62,29558.39,12079.23,91,0.0,0
ACC-113,2023-10-17,33484.12,36802.06,-4243.19,82,3477.54,20
ACC-136,2023-03-30,21568.02,13279.94,8019.92,101,0.0,0
ACC-125,2024-06-07,30730.8,26214.45,4206.23,100,0.0,0
ACC-110,2024-10-21,24973.84,22207.74,2671.62,67,0.0,0
ACC-143,2024-09-29,44248.16,33584.04,11529.75,138,1037.19,5
ACC-129,2024-01-17,15563.6,16667.34,-278.5,59,4614.94,78
ACC-133,2024-09-22,24703.1,18350.3,5980.81,53,0.0,0
ACC-103,2023-01-13,26292.67,16884.67,9131.66,55,0.0,0
ACC-120,2024-10-16,22946.11,23842.92,-1412.85,87,6361.7,73
ACC-119,2023-11-07,29620.61,22699.81,6725.4,59,0.0,0
ACC-127,2024-06-03,38422.95,26367.22,12397.5,78,0.0,0
ACC-139,2024-09-11,21674.7,13677.46,8043.35,70,0.0,0
ACC-104,2023-10-02,29079.15,23488.35,6357.99,84,0.0,0
ACC-129,2023-11-01,19700.68,19909.23,254.17,80,5405.18,39
ACC-139,2023-05-15,32260.11,25293.47,6858.67,101,0.0,0
ACC-124,2023-09-08,38431.24,35429.66,2239.22,138,0.0,0
ACC-104,2024-08-22,14239.53,14178.34,45.27,49,0.0,0
ACC-101,2024-01-24,19862.53,17444.65,3370.33,48,0.0,0
ACC-104,2023-11-25,17330.9,17572.97,-1164.2,54,1472.88,27
ACC-125,2024-05-18,42139.49,28601.84,14255.37,146,0.0,0
ACC-143,2024-11-29,9457.55,6022.14,2494.47,42,0.0,0
ACC-100,2023-11-04,41426.1,39186.87,2157.61,146,0.0,0
ACC-146,2023-08-22,17500.63,10762.7,7389.04,78,0.0,0
ACC-106,2024-02-23,37982.69,39772.63,-2195.94,135,1443.25,21
ACC-145,2024-10-14,11232.74,10291.93,1361.73,31,0.0,0
ACC-124,2023-01-06,15150.31,11544.63,2780.09,40,0.0,0
ACC-138,2023-04-16,19624.8,17331.3,3171.03,72,0.0,0
ACC-105,2024-11-01,31971.47,34746.56,-3044.28,68,2946.33,24
ACC-100,2024-04-27,46960.99,43755.26,3135.18,111,0.0,0
ACC-113,2023-09-06,12977.46,9973.76,3359.51,40,0.0,0
ACC-143,2024-06-23,12653.46,13005.9,426.41,28,2696.54,44
ACC-102,2023-07-08,49277.59,39121.31,10647.63,151,1930.51,9
ACC-129,2023-11-17,16245.99,17583.96,-725.44,58,2807.31,45
ACC-113,2023-03-21,11806.34,8868.14,2388.45,32,0.0,0
ACC-112,2024-03-13,46745.13,36976.38,9188.84,124,0.0,0
ACC-146,2023-05-15,42840.69,32140.02,11321.59,106,0.0,0
ACC-107,2023-10-03,32965.05,24012.59,8421.44,100,0.0,0
ACC-115,2023-11-12,43341.84,29110.31,13651.95,126,0.0,0
ACC-101,2023-03-28,7217.59,7159.46,-794.67,26,1341.88,12
ACC-125,2024-09-02,33183.37,27658.21,5895.7,66,0.0,0
ACC-146,2023-09-22,13199.37,13355.71,646.08,35,1087.34,79
ACC-109,2023-02-11,15693.78,16109.02,161.09,45,5707.88,39
ACC-122,2023-05-23,46371.85,44562.48,1147.51,147,1799.98,3
ACC-107,2023-03-24,21390.35,18139.04,2809.98,90,0.0,0
ACC-101,2024-11-25,47877.22,46488.52,1060.97,171,423.74,12
ACC-133,2024-12-15,34640.56,36461.05,-2794.07,105,9465.11,11
ACC-100,2024-01-19,43875.55,46096.55,-1663.25,112,4234.84,36
ACC-136,2024-04-12,20279.14,14411.0,6579.43,43,1633.95,14
ACC-100,2023-12-19,45701.05,36888.32,8660.36,198,0.0,0
ACC-128,2023-01-26,30313.55,23987.92,6312.24,147,0.0,0
ACC-124,2023-08-11,7423.14,5504.08,2715.93,22,399.89,12
ACC-145,2024-06-22,7156.77,5061.18,1632.25,16,0.0,0
ACC-144,2023-10-29,35792.19,32638.96,3602.07,72,0.0,0
ACC-141,2023-05-21,30605.2,24077.21,5900.92,67,0.0,0
ACC-110,2024-07-26,41033.69,42313.2,-505.54,119,7446.19,58
ACC-133,2024-02-02,12593.04,10903.93,1856.13,45,0.0,0
ACC-110,2024-09-15,27771.49,21148.92,7601.42,68,0.0,0
ACC-147,2023-07-31,5562.8,4387.0,475.84,24,0.0,0
ACC-114,2023-02-27,19330.74,12243.2,6291.97,49,0.0,0
ACC-115,2024-07-04,28056.07,22597.85,5234.05,86,144.29,10
ACC-137,2024-01-14,26006.24,18503.58,8221.94,71,0.0,0
ACC-121,2023-09-19,29173.79,29630.98,84.02,88,6644.47,71
ACC-114,2024-11-09,32176.2,27215.94,4438.47,77,0.0,0
ACC-131,2023-04-29,45866.09,44975.62,1740.48,184,0.0,0
ACC-134,2023-01-23,34414.16,34889.66,-1403.17,114,6615.38,19
ACC-114,2024-12-21,34228.34,25104.71,8624.41,71,0.0,0
ACC-132,2024-06-19,23026.65,14911.56,7926.02,74,1659.88,2
ACC-129,2023-01-09,7689.22,4646.54,3073.04,24,0.0,0
ACC-101,2023-05-30,43647.17,47802.64,-4502.57,196,5778.01,60
ACC-143,2023-11-22,38352.51,32144.52,7168.98,118,1135.55,8
ACC-118,2023-07-21,7797.77,5329.86,1732.38,23,0.0,0
ACC-125,2024-02-06,8141.35,7099.74,973.64,17,0.0,0
ACC-140,2023-07-08,13569.42,13523.49,-149.09,33,651.36,14
ACC-108,2023-04-07,42041.03,40804.08,1687.55,181,0.0,0
ACC-140,2023-08-10,17059.46,12395.57,5122.16,40,0.0,0
ACC-143,2023-06-04,20328.29,20796.66,-1320.87,45,7493.71,37
ACC-125,2023-10-26,16707.25,16923.48,-1037.35,34,4675.73,55
ACC-110,2024-02-22,42204.17,41475.08,-235.79,150,0.0,0
ACC-114,2024-10-23,43148.78,35143.92,7184.2,95,0.0,0
ACC-134,2023-10-06,23188.8,17405.76,5153.31,50,0.0,0
ACC-103,2024-05-08,22094.54,21976.73,-837.83,49,0.0,0
ACC-118,2024-01-03,45295.11,48044.4,-2259.84,175,6068.39,71
ACC-105,2023-05-20,13323.23,11942.01,921.72,30,0.0,0
ACC-116,2024-12-05,36920.31,34550.86,1396.83,100,0.0,0
ACC-137,2024-02-09,48092.61,43214.89,5500.22,142,0.0,0
ACC-105,2023-10-28,49118.6,37177.26,11798.72,212,0.0,0
ACC-147,2023-11-25,9061.11,6396.75,2230.13,32,19.0,8
ACC-147,2024-05-11,48477.8,37170.63,10801.12,134,0.0,0
ACC-125,2023-03-30,45015.16,29699.39,14746.62,150,0.0,0
ACC-121,2023-09-24,22781.8,22932.88,277.06,56,2325.51,85
ACC-121,2023-04-07,14138.2,9083.86,5827.03,58,0.0,0
ACC-145,2024-02-01,21495.28,14898.07,6887.0,49,0.0,0
ACC-121,2023-07-25,32931.37,33196.03,310.64,72,3957.92,71
ACC-137,2024-09-10,37881.06,36539.22,400.44,79,0.0,0
ACC-136,2023-08-13,20588.0,21230.17,-1326.59,53,9204.98,46
ACC-106,2024-01-13,21622.07,16526.89,5848.64,49,0.0,0
ACC-131,2024-12-23,19636.7,20477.44,-1525.02,77,7281.82,85
ACC-141,2024-04-26,21520.57,15804.54,5777.08,103,0.0,0
ACC-133,2024-08-09,17526.46,19216.5,-1210.35,37,1147.06,61
ACC-120,2024-06-18,17415.05,16362.2,151.91,36,0.0,0
ACC-127,2023-10-30,41890.44,37595.16,5256.09,122,19.04,7
ACC-123,2024-12-11,49578.05,42681.82,6778.44,112,0.0,0
ACC-110,2024-04-29,29961.82,25379.77,5225.87,81,0.0,0
ACC-149,2023-12-19,49239.9,47301.96,1912.86,116,0.0,0
ACC-107,2023-10-26,27891.0,23971.52,4061.17,56,0.0,0
ACC-114,2023-02-18,11838.96,11723.83,656.86,56,0.0,0
ACC-140,2023-04-02,30924.7,20294.55,11017.8,65,0.0,0
ACC-135,2024-01-05,41266.33,42188.26,-696.51,125,3082.57,16
ACC-121,2023-07-07,27390.02,24332.89,3485.59,59,0.0,0
ACC-134,2024-02-15,8842.65,7749.99,854.36,17,0.0,0
ACC-113,2024-06-28,35348.41,24368.53,11349.09,111,0.0,0
ACC-141,2024-03-15,40047.1,30278.29,9369.45,115,0.0,0
ACC-124,2024-01-13,8010.52,7139.38,1476.44,21,23.41,1
ACC-118,2023-06-13,27960.04,25846.96,2379.95,123,0.0,0
ACC-100,2023-11-12,49139.4,49482.88,-1317.82,234,2591.83,23
ACC-126,2023-06-12,39595.43,27308.53,12941.41,167,0.0,0
ACC-130,2024-03-14,17287.19,18102.04,-1331.65,82,3365.39,36
ACC-122,2024-01-24,36796.29,31820.08,4918.52,86,0.0,0
ACC-142,2023-01-09,47231.91,35264.44,11602.34,216,1799.42,15
ACC-112,2023-02-20,31933.98,29804.7,2853.41,84,0.0,0
ACC-138,2023-03-22,12417.07,8350.3,3990.65,40,0.0,0
ACC-112,2024-01-20,34111.13,34520.05,296.34,108,3096.32,82
ACC-120,2024-05-08,39245.93,38227.16,1982.44,106,0.0,0
ACC-146,2024-12-04,20414.84,19888.36,471.39,67,0.0,0
ACC-126,2024-11-02,27131.98,26617.82,408.23,60,0.0,0
ACC-144,2024-08-27,16517.37,13733.72,2600.34,33,0.0,0
ACC-128,2023-04-26,12267.12,11475.39,1415.19,31,0.0,0
ACC-113,2024-08-12,9617.71,9049.43,1291.66,25,0.0,0
ACC-107,2024-02-27,10298.56,9375.49,810.62,46,55.1,8
ACC-127,2024-03-25,33790.45,32586.18,815.46,99,0.0,0
ACC-142,2024-08-08,10423.01,10828.25,-569.48,29,4077.63,81
ACC-115,2023-03-26,30664.16,27397.15,3812.57,61,0.0,0
ACC-105,2024-04-19,8645.84,6582.76,1307.61,17,1744.01,7
ACC-147,2023-11-17,27808.92,28209.26,-184.77,78,9531.67,52
ACC-106,2023-08-24,25770.72,25683.73,769.01,53,290.31,14
ACC-118,2023-06-08,17249.23,11109.56,6118.78,39,0.0,0
ACC-130,2023-01-12,6245.97,6293.21,-661.34,18,1814.11,76
ACC-110,2023-07-14,25904.01,19628.49,5686.65,56,0.0,0
ACC-128,2023-09-03,36735.65,30025.59,7030.44,165,0.0,0
ACC-141,2024-04-30,23289.16,18631.28,5353.47,50,0.0,0
ACC-106,2024-09-01,13583.11,11556.91,2551.19,34,0.0,0
ACC-147,2024-05-12,20604.35,13931.1,6153.41,57,223.5,9
ACC-107,2024-05-09,21679.44,19634.7,1930.44,75,0.0,0
ACC-124,2024-01-02,28678.17,18900.63,9836.25,138,0.0,0
ACC-115,2023-01-30,16792.02,11812.84,5873.86,65,0.0,0
ACC-139,2023-11-20,36799.72,31536.34,5508.0,179,0.0,0
ACC-104,2023-12-02,40287.85,38082.86,2520.09,188,0.0,0
ACC-133,2023-01-28,42563.27,30305.01,11903.75,188,0.0,0
ACC-101,2024-04-29,28761.17,26000.33,2708.14,80,497.37,2
ACC-114,2024-08-30,6797.32,6645.9,-808.19,17,0.0,0
ACC-129,2024-03-05,25640.44,15775.81,10314.29,89,0.0,0
ACC-106,2023-10-29,24185.24,19283.1,4769.57,58,0.0,0
ACC-102,2024-02-23,18415.58,19410.96,-798.85,55,4131.47,37
ACC-104,2023-04-05,23056.69,24833.68,-1530.58,70,8801.32,23
ACC-110,2023-06-29,45099.35,35286.65,9827.36,104,0.0,0
ACC-138,2024-06-05,18380.43,11370.16,7823.91,66,0.0,0
ACC-102,2023-11-10,14053.43,11824.8,3108.7,37,0.0,0
ACC-122,2024-10-15,49770.65,42287.41,8306.11,242,0.0,0
ACC-138,2024-05-11,31721.95,19126.63,12695.6,122,1343.46,10
ACC-144,2023-06-21,46822.76,42846.94,3850.25,118,0.0,0
ACC-119,2023-01-02,22956.4,24099.17,-1717.33,58,3784.48,71
ACC-122,2024-03-09,47766.79,29069.53,18042.53,114,0.0,0
ACC-138,2024-06-11,14738.48,9914.91,4700.51,36,0.0,0
ACC-105,2023-08-27,45606.24,27466.56,17968.87,123,0.0,0
ACC-101,2023-08-27,10167.94,6823.61,3663.51,37,0.0,0
ACC-132,2024-10-13,26045.89,24418.69,1710.7,110,0.0,0
ACC-142,2024-05-12,33291.05,33050.58,-331.72,79,1807.06,10
ACC-131,2023-08-20,33520.68,22415.53,11451.41,124,0.0,0
ACC-102,2024-03-22,34623.05,29935.06,5614.64,82,0.0,0
ACC-123,2023-09-09,25428.37,20410.38,4894.61,58,0.0,0
ACC-104,2024-10-28,22937.58,22676.78,201.39,69,61.1,6
ACC-135,2023-02-11,40962.89,36868.14,5062.46,147,0.0,0
ACC-117,2024-05-31,31231.82,21331.72,9140.3,121,0.0,0
ACC-120,2024-03-07,43414.47,46449.3,-3254.15,164,8836.06,41
ACC-107,2024-05-31,6977.11,4561.5,1487.7,14,0.0,0
ACC-134,2024-07-04,35803.71,36214.64,397.16,120,7584.07,78
ACC-121,2024-10-25,22009.49,20795.56,1184.74,107,0.0,0
ACC-147,2024-01-29,47246.84,31246.59,16255.93,146,398.26,10
ACC-128,2024-11-09,28923.36,25560.41,2966.68,70,0.0,0
ACC-105,2024-01-03,21400.64,22774.2,-923.99,72,2171.78,59
ACC-114,2024-04-21,26093.55,23400.05,2656.89,97,0.0,0
ACC-133,2023-07-26,44248.15,44857.72,-1193.24,98,4320.05,20
ACC-124,2024-02-21,10961.96,7069.65,3015.96,50,0.0,0
ACC-114,2023-04-12,10561.89,10861.88,-633.31,32,6817.65,15
ACC-135,2023-02-26,16285.86,17755.24,-2132.09,56,4525.57,89
ACC-109,2024-10-17,5366.68,3861.61,1119.31,22,0.0,0
ACC-124,2024-07-27,18102.12,18304.44,-1121.7,56,2892.5,61
ACC-106,2024-03-05,47390.21,49698.02,-2790.05,101,8945.87,78
ACC-121,2023-07-26,28177.48,29934.76,-2678.34,122,8906.35,48
ACC-143,2023-03-24,33899.41,24797.15,8884.29,134,0.0,0
ACC-149,2024-04-03,18913.04,12976.9,5592.72,40,0.0,0
ACC-129,2024-09-18,30474.46,19523.66,10209.16,132,1881.91,1
ACC-135,2024-11-13,41320.89,27361.66,14909.93,152,0.0,0
ACC-149,2023-05-14,19488.74,18596.3,105.0,44,754.42,3
ACC-131,2024-01-27,37037.76,29708.39,7867.74,80,0.0,0
ACC-144,2024-10-15,13294.71,13047.58,-646.61,26,0.0,0
ACC-125,2023-04-02,21639.01,14967.28,7585.43,45,0.0,0
ACC-132,2023-09-24,27263.4,17195.06,9099.28,65,0.0,0
ACC-122,2023-09-22,37180.58,34287.93,3659.46,143,0.0,0
ACC-110,2023-06-01,21864.23,14577.55,7554.92,70,911.43,14
ACC-104,2024-10-03,20038.61,21181.86,-1607.84,41,5039.06,11
ACC-133,2024-02-09,12812.49,13004.78,-835.26,58,1885.31,41
ACC-132,2024-12-12,26194.93,26708.99,-1235.95,77,1484.6,19
ACC-108,2023-02-15,17780.9,18497.28,-702.53,72,9192.89,36
ACC-105,2024-02-24,6926.21,5645.31,1749.06,26,808.97,13
ACC-130,2024-05-16,18150.15,12421.4,4912.43,52,0.0,0
ACC-136,2023-08-30,38140.86,24399.78,13315.1,125,0.0,0
ACC-114,2024-01-15,47061.66,32543.96,14327.46,138,0.0,0
ACC-126,2023-07-02,49617.67,41059.34,7925.68,184,0.0,0
ACC-118,2024-10-03,49993.11,50040.78,-664.05,215,3517.65,26
ACC-127,2024-09-25,48977.97,38214.6,11036.43,142,0.0,0
ACC-126,2024-11-12,37363.69,32001.55,5187.3,155,0.0,0
ACC-115,2023-01-31,15642.09,14997.72,1071.92,40,1803.9,11
ACC-142,2023-08-09,25640.7,19455.84,5709.26,103,0.0,0
ACC-137,2023-05-05,35758.49,26658.21,8383.78,153,858.7,13
ACC-147,2024-12-13,41851.38,32579.94,9546.6,209,532.75,12
ACC-103,2024-10-08,37276.08,30266.14,6953.78,106,0.0,0
ACC-119,2024-08-31,5110.54,3217.5,1598.59,15,0.0,0
ACC-107,2023-06-21,19440.62,19538.46,765.54,57,5498.23,45
ACC-144,2023-06-29,32142.72,31374.67,-69.37,116,0.0,0
ACC-144,2023-10-01,41728.4,27007.51,14950.88,99,0.0,0
ACC-118,2023-11-01,42764.85,36057.0,6916.26,86,0.0,0
ACC-107,2023-03-04,41234.08,42185.5,12.49,86,4380.06,34
ACC-112,2023-12-07,25415.23,18737.81,5679.45,106,810.46,11
ACC-105,2023-06-23,25120.09,21247.84,3687.48,70,0.0,0
ACC-119,2023-01-24,20350.34,21140.18,-380.47,79,1539.89,53
ACC-147,2024-12-12,34800.99,28709.48,5944.57,97,0.0,0
ACC-136,2024-05-29,10342.21,9500.54,444.05,25,1543.88,6
ACC-128,2023-02-21,12813.18,9678.59,3792.75,56,0.0,0
ACC-113,2024-02-18,9741.97,10028.28,61.42,36,4730.1,71
ACC-103,2024-06-07,18816.1,17850.46,1472.32,41,0.0,0
ACC-132,2024-10-16,19113.37,13186.42,5028.16,77,0.0,0
ACC-145,2023-08-06,31754.04,25604.36,5963.37,158,0.0,0
ACC-111,2023-09-18,36891.7,34441.88,1638.56,101,0.0,0
ACC-103,2023-05-09,27460.59,17000.91,10929.86,110,0.0,0
ACC-112,2023-01-10,34133.46,25723.85,9396.82,74,0.0,0
ACC-123,2024-11-16,36327.86,29610.13,6065.0,118,0.0,0
ACC-144,2023-01-13,8703.38,8789.12,423.02,33,3269.94,21
ACC-128,2023-08-22,30765.11,20462.95,10784.48,102,1192.14,7
ACC-145,2023-07-14,40387.04,30284.18,10581.92,85,0.0,0
ACC-135,2023-12-19,11845.92,7128.48,4170.96,29,0.0,0
ACC-111,2023-04-22,36065.43,31952.9,3287.96,124,0.0,0
ACC-145,2023-11-05,5883.88,4962.12,242.19,15,0.0,0
ACC-137,2023-12-24,32456.9,28007.02,3838.41,99,0.0,0
ACC-100,2024-06-17,17520.63,16445.73,1391.19,40,0.0,0
ACC-143,2024-06-28,11837.4,9944.99,2003.75,29,1622.67,4
ACC-101,2024-05-04,38521.19,23882.84,14248.81,90,0.0,0
ACC-117,2024-03-18,5379.49,3679.21,2325.83,18,0.0,0
ACC-109,2023-09-07,16428.43,12709.89,3409.31,52,0.0,0
ACC-111,2023-03-30,35376.66,24485.4,11622.57,81,0.0,0
ACC-130,2023-04-14,35526.65,27740.62,8071.85,79,0.0,0
ACC-122,2023-03-13,30690.62,30182.6,1145.09,66,0.0,0
ACC-125,2024-01-08,30727.03,24181.47,7213.06,80,0.0,0
ACC-117,2024-05-07,39699.19,41034.46,-2291.41,157,9353.19,11
ACC-149,2023-10-11,29204.07,18758.7,10324.28,78,1377.86,4
ACC-111,2023-02-10,29747.98,25704.32,4548.07,98,0.0,0
ACC-125,2023-10-12,46677.84,49389.23,-3693.41,155,6041.56,50
ACC-145,2023-04-28,42693.87,44226.55,-573.45,150,6654.99,12
ACC-110,2023-12-23,18928.08,13689.78,5395.58,43,1544.94,13
ACC-146,2024-06-13,25141.4,16196.02,9910.4,102,0.0,0
ACC-139,2023-06-15,34386.46,31781.46,2394.76,126,0.0,0
ACC-149,2023-08-27,49724.89,36073.64,12876.08,220,0.0,0
ACC-130,2024-04-25,37667.3,25307.5,11640.96,90,0.0,0
ACC-139,2023-08-20,40019.0,37341.31,3544.39,103,187.25,12
ACC-111,2024-02-17,11031.9,11141.7,-360.22,27,5200.17,33
ACC-148,2024-12-14,15424.69,14605.91,1444.07,49,0.0,0
ACC-139,2023-05-06,43358.34,47328.41,-3635.81,111,5523.34,31
ACC-120,2023-11-08,8836.4,6210.67,2324.6,19,0.0,0
ACC-104,2024-02-22,6910.7,6780.7,381.87,29,0.0,0
ACC-110,2024-07-14,11078.38,7548.04,2937.05,37,0.0,0
ACC-128,2023-03-17,15466.09,9572.31,6546.49,65,112.23,8
ACC-103,2024-09-18,38710.1,41070.58,-2861.12,85,7691.77,46
ACC-110,2023-01-21,47407.31,35363.72,12857.07,145,0.0,0
ACC-148,2023-04-02,38243.17,23611.18,13871.71,118,754.93,5
ACC-129,2023-06-13,35772.39,29276.19,6673.35,106,0.0,0
ACC-105,2024-10-02,14723.61,10663.04,4035.95,45,185.92,13
ACC-143,2023-11-12,13111.05,11129.15,2312.39,36,0.0,0
ACC-114,2023-10-17,18378.01,15354.35,2133.25,41,0.0,0
ACC-106,2023-06-23,11029.99,8033.41,2097.1,23,0.0,0
ACC-147,2024-12-05,20810.61,21011.08,-648.13,42,6270.13,35
ACC-135,2023-05-24,39080.76,37558.48,651.46,174,0.0,0
ACC-145,2024-10-02,31743.78,24682.64,7721.44,63,0.0,0
ACC-115,2023-06-01,16841.64,13642.53,2201.93,49,0.0,0
ACC-105,2024-01-06,37054.31,31907.6,4538.86,81,0.0,0
ACC-119,2023-04-08,42479.95,33329.7,10138.76,105,1894.32,13
ACC-104,2023-07-07,29645.91,21280.38,8546.63,86,0.0,0
ACC-136,2023-03-18,8311.42,5713.01,2315.09,22,1479.05,1
ACC-121,2023-08-03,33355.18,23962.0,9800.11,161,0.0,0
ACC-108,2023-03-08,37481.26,40229.32,-1822.09,85,3919.64,65
ACC-139,2023-04-16,28648.5,21310.36,7224.94,62,0.0,0
ACC-125,2023-06-01,27922.29,27436.72,748.25,76,119.2,7
ACC-119,2023-02-25,32333.87,32080.37,541.58,84,1458.62,14
ACC-108,2024-02-04,16140.4,11185.16,4640.13,37,1757.3,14
ACC-126,2023-10-31,13044.36,10110.72,2139.94,30,0.0,0
ACC-124,2023-10-23,27685.33,21368.72,6313.08,55,0.0,0
ACC-147,2024-03-02,12545.06,8175.57,4912.12,39,0.0,0
ACC-145,2023-03-26,11027.82,10698.39,746.02,24,0.0,0
ACC-114,2023-09-25,37641.05,27180.2,11168.39,155,0.0,0
ACC-125,2024-08-16,27855.26,28789.96,-1856.82,128,7622.9,59
ACC-107,2023-11-01,23957.92,22616.03,1956.28,59,0.0,0
ACC-101,2023-09-15,9127.45,7463.05,1964.87,27,0.0,0
ACC-145,2024-03-24,38373.83,25744.37,11835.32,119,0.0,0
ACC-103,2024-02-10,29857.55,32547.15,-2327.96,67,6055.0,88
ACC-106,2024-03-13,6256.37,5314.81,1688.21,19,0.0,0
ACC-101,2024-02-01,47736.34,41206.45,6883.95,98,0.0,0
ACC-137,2024-02-12,40863.39,41442.51,300.66,110,3576.14,36
ACC-141,2024-12-19,14670.42,10601.56,3660.59,42,1811.08,11
ACC-133,2023-04-13,34221.33,24179.24,9788.96,82,0.0,0
ACC-125,2024-04-07,48359.41,31082.93,18215.58,205,523.28,11
ACC-122,2023-10-10,6148.59,4662.09,2135.3,22,0.0,0
ACC-144,2023-03-07,21498.82,15584.23,6120.71,61,0.0,0
ACC-131,2024-01-27,15377.92,11610.31,3999.72,56,0.0,0
ACC-112,2023-10-27,10793.45,11163.24,-319.55,24,5110.19,39
ACC-134,2023-12-09,29719.57,21683.14,7681.3,137,0.0,0
ACC-114,2023-10-26,5541.52,4673.68,110.86,17,0.0,0
ACC-124,2023-09-24,45047.84,47484.05,-1971.54,94,2281.83,55
ACC-136,2023-01-17,10981.45,11498.14,224.01,23,1029.98,44
ACC-127,2023-02-13,5438.05,4179.08,710.49,11,0.0,0
ACC-122,2023-02-19,37150.58,40036.75,-2110.2,84,4435.7,18
ACC-110,2024-03-31,39886.01,30048.6,10498.61,112,0.0,0
ACC-116,2023-12-02,31584.64,27305.3,4656.7,63,0.0,0
ACC-105,2023-02-07,48623.49,52876.03,-4541.62,115,5229.96,67
ACC-123,2024-08-04,39715.51,38474.45,623.5,135,0.0,0
ACC-138,2024-08-03,47233.5,39565.26,8632.28,138,0.0,0
ACC-126,2024-09-21,45725.03,28061.82,16671.78,143,0.0,0
ACC-125,2024-03-01,36993.75,31427.84,6441.5,120,0.0,0
ACC-113,2024-11-05,34777.2,20922.72,14746.69,73,0.0,0
ACC-131,2024-11-22,42329.31,35054.37,7297.28,107,0.0,0
ACC-115,2024-05-27,19046.47,14649.18,4884.06,60,0.0,0
ACC-140,2023-08-14,29546.44,22860.32,6423.76,121,0.0,0
ACC-143,2023-06-07,45328.41,27276.38,17461.6,209,0.0,0
ACC-102,2023-03-01,14444.14,14015.51,928.43,46,0.0,0
ACC-123,2024-04-06,41490.22,28827.93,12047.69,101,0.0,0
ACC-147,2023-03-01,31471.23,21620.58,10490.39,112,0.0,0
ACC-133,2024-09-01,47346.16,29994.02,16597.8,115,1980.52,7
ACC-137,2023-05-28,30948.11,23968.56,7441.09,88,0.0,0
ACC-129,2024-02-14,9373.31,9588.65,155.61,22,4658.9,45
ACC-131,2024-09-05,47068.47,43362.9,2928.31,122,1640.24,14
ACC-111,2023-01-02,27431.17,25887.46,1788.7,86,0.0,0
ACC-122,2024-07-08,17722.36,15975.93,2364.63,48,0.0,0
ACC-113,2023-03-31,49032.71,39942.9,8159.57,116,0.0,0
ACC-143,2023-12-01,46617.14,28803.56,18593.89,177,1771.96,6
ACC-115,2024-08-19,39672.76,29573.46,9652.17,112,0.0,0
ACC-115,2023-06-17,41558.34,32301.26,9507.14,118,0.0,0
ACC-121,2024-04-28,45363.9,31276.16,14536.66,104,0.0,0
ACC-138,2023-03-07,30760.53,31384.26,87.39,98,2793.89,56
ACC-135,2023-06-20,37136.51,37857.41,184.2,76,5531.76,51
ACC-147,2024-03-02,25571.91,25615.06,-35.81,60,2859.93,67
ACC-122,2023-07-25,23385.59,22190.38,680.16,87,0.0,0
ACC-143,2023-06-01,34078.47,32636.89,1328.86,107,0.0,0
ACC-132,2023-05-22,45731.99,37438.69,8524.36,225,0.0,0
ACC-121,2023-06-21,14363.68,14758.4,-139.97,60,8640.1,82
ACC-124,2023-09-19,23901.23,23756.68,464.2,65,0.0,0
ACC-131,2023-08-03,20427.11,14783.05,5681.13,87,0.0,0
ACC-119,2024-11-03,47287.05,48763.3,-1731.49,104,9325.82,42
ACC-117,2023-09-20,17185.98,17724.27,382.82,50,3501.21,21
ACC-122,2024-08-10,29947.27,31242.73,-682.86,102,1722.67,90
ACC-110,2023-09-19,46881.65,31466.79,16262.07,153,0.0,0
ACC-125,2023-08-07,39616.82,24667.19,14509.03,93,0.0,0
ACC-126,2023-12-31,10103.04,6192.18,4162.76,21,0.0,0
ACC-147,2023-05-13,5387.93,3837.07,707.97,14,1022.63,5
ACC-101,2023-05-19,14389.01,11961.09,3243.08,35,0.0,0
ACC-111,2023-01-18,10665.83,8664.84,1652.92,43,0.0,0
ACC-123,2023-10-15,26993.59,21280.98,6428.13,58,0.0,0
ACC-118,2024-05-30,7979.22,8096.46,48.41,31,7384.6,19
ACC-133,2024-11-09,44971.16,40162.63,4713.91,94,422.66,12
ACC-149,2024-08-09,46499.92,31064.24,14575.11,101,0.0,0
ACC-110,2023-01-06,8833.13,8607.45,-258.44,18,0.0,0
ACC-143,2024-09-30,30671.14,20074.41,9643.94,119,0.0,0
ACC-139,2024-05-02,18624.81,16095.66,1877.56,69,0.0,0
ACC-116,2024-08-01,5366.0,4490.5,609.18,16,0.0,0
ACC-107,2024-01-28,28402.89,21786.21,6186.81,76,0.0,0
ACC-112,2023-09-29,34394.38,23237.7,11359.4,119,0.0,0
ACC-141,2023-07-30,6278.57,4239.46,2230.58,20,996.94,4
ACC-116,2023-10-23,14816.67,13354.58,570.68,41,0.0,0
ACC-122,2024-10-16,28283.82,29871.08,-897.51,59,9380.52,52
ACC-138,2024-06-22,31968.27,21492.19,9988.88,86,0.0,0
ACC-123,2024-02-07,23351.02,14318.3,9832.39,95,1795.44,1
ACC-142,2023-08-31,7027.27,4989.34,1756.09,21,0.0,0
ACC-125,2024-02-15,43383.15,39634.05,4619.47,110,0.0,0
ACC-115,2023-06-04,26450.64,25131.46,578.51,99,23.36,12
ACC-115,2023-05-22,9521.09,6282.7,2507.87,45,0.0,0
ACC-111,2024-07-03,8321.63,8822.98,-804.4,22,8699.67,88
ACC-147,2024-02-22,41571.09,43935.11,-2417.17,97,6581.1,26
ACC-124,2024-10-07,16969.24,14295.18,1995.33,84,0.0,0
ACC-104,2024-06-08,10536.49,9087.71,1601.06,42,1817.62,10
ACC-108,2024-12-21,19963.67,13037.08,6219.55,96,0.0,0
ACC-147,2024-03-31,13326.08,12077.98,1819.7,32,1385.07,6
ACC-121,2024-09-29,11938.41,7363.93,5434.48,40,0.0,0
ACC-111,2023-06-29,14721.39,13300.62,573.33,52,0.0,0
ACC-112,2024-03-31,45671.29,28530.42,16939.35,157,0.0,0
ACC-140,2024-01-08,21685.83,18425.17,3788.65,55,0.0,0
ACC-125,2024-12-19,30945.87,23076.2,8599.24,116,0.0,0
ACC-139,2024-02-27,33233.22,24398.51,9745.41,81,0.0,0
ACC-119,2024-07-30,47633.96,28716.3,18010.08,130,0.0,0
ACC-133,2023-11-08,33990.06,33109.9,1784.55,81,0.0,0
ACC-138,2023-06-12,21809.59,22636.91,-1028.0,47,6225.21,36
ACC-117,2023-06-09,19109.0,14521.07,4843.82,66,0.0,0
ACC-130,2023-08-19,49942.61,38506.07,10906.63,157,0.0,0
ACC-110,2023-01-05,25059.49,16817.96,8373.6,109,0.0,0
ACC-145,2023-01-17,45553.81,32956.07,13460.89,166,765.37,4
ACC-147,2024-01-31,23142.19,20664.8,1948.84,56,0.0,0
ACC-110,2023-01-08,45367.43,43879.77,1715.97,169,0.0,0
ACC-115,2024-02-22,11249.6,9809.33,2169.61,47,0.0,0
ACC-148,2023-07-25,36717.97,23303.62,12450.63,116,0.0,0
ACC-137,2024-01-22,27458.4,18805.14,8515.66,135,0.0,0
ACC-149,2023-09-14,10557.35,10638.87,837.77,41,9144.01,80
ACC-144,2023-01-15,15522.51,15929.99,-273.49,41,2596.93,44
ACC-124,2023-12-08,42594.19,44642.34,-2404.68,105,6469.02,29
ACC-131,2024-01-22,40625.78,37393.93,2304.03,162,0.0,0
ACC-127,2023-05-24,29974.35,20279.22,9333.47,123,0.0,0
ACC-121,2024-08-01,10472.89,9624.11,1439.7,23,0.0,0
ACC-105,2023-02-04,6421.16,5196.83,1317.3,27,0.0,0
ACC-143,2023-03-05,38963.15,41297.92,-1549.2,107,3880.83,72
ACC-122,2024-11-26,30717.25,23437.73,7777.44,83,0.0,0
ACC-141,2024-12-24,19310.2,18924.98,-484.37,82,0.0,0
ACC-142,2024-07-05,45150.79,31118.59,13081.73,136,0.0,0
ACC-144,2023-11-08,16560.02,11588.02,5439.37,33,0.0,0
ACC-142,2024-08-02,22593.34,19478.37,2390.59,49,0.0,0
ACC-118,2024-11-12,49237.59,36913.14,12039.08,119,0.0,0
ACC-118,2024-02-21,19724.21,18454.47,839.87,46,0.0,0
ACC-147,2024-07-02,31131.0,28936.37,2471.75,115,0.0,0
ACC-124,2023-03-12,40798.29,24501.25,15369.45,155,0.0,0
ACC-131,2023-11-18,31813.12,23488.19,7998.99,151,0.0,0
ACC-114,2023-10-12,36839.84,34271.7,2153.61,131,0.0,0
ACC-132,2023-08-24,41610.55,25455.5,16032.2,141,0.0,0
ACC-144,2023-06-01,29583.82,26630.05,2785.61,69,0.0,0
ACC-149,2023-06-23,39363.16,35610.8,2929.64,163,828.4,2
ACC-101,2023-01-08,36683.12,35536.75,329.66,149,0.0,0
ACC-128,2024-05-10,18310.84,18658.22,586.03,61,9570.71,54
ACC-110,2023-10-12,11773.94,11744.94,122.83,32,0.0,0
ACC-136,2023-04-24,22868.6,16153.48,5919.82,110,0.0,0
ACC-109,2023-04-10,29530.4,24541.44,5284.17,66,0.0,0
ACC-133,2024-07-10,44694.09,35842.79,8729.53,150,0.0,0
ACC-135,2023-04-21,32391.51,20916.44,11725.39,80,0.0,0
ACC-112,2023-12-28,7464.35,7408.99,959.98,20,0.0,0
ACC-118,2024-09-28,40138.15,24114.44,15841.24,186,0.0,0
ACC-120,2024-04-13,44777.01,35080.51,9142.52,105,958.34,10
ACC-103,2024-02-28,48388.43,41544.85,7490.1,205,0.0,0
ACC-109,2024-08-14,23522.67,19169.78,5196.29,113,0.0,0
ACC-127,2023-02-08,16031.71,11723.55,3859.46,49,0.0,0
ACC-108,2023-03-10,10223.83,6661.38,2866.3,33,1034.93,1
ACC-113,2024-11-21,39937.89,39315.96,296.13,136,0.0,0
ACC-123,2024-06-27,11279.69,8613.55,2107.38,31,0.0,0
ACC-122,2024-06-02,12678.85,12603.13,485.13,25,0.0,0
ACC-103,2024-11-11,44680.36,30258.02,14307.88,91,0.0,0
ACC-141,2024-04-18,34072.55,27174.03,7373.92,105,0.0,0
ACC-113,2024-07-19,23509.6,16242.24,6557.71,72,899.04,10
ACC-112,2023-10-14,22160.23,19001.54,3140.3,58,0.0,0
ACC-144,2023-04-25,29677.49,30968.56,-450.32,146,3838.26,83
ACC-112,2024-12-13,15214.14,16392.39,-1365.28,31,3405.08,72
ACC-132,2024-11-09,45189.61,45009.19,-706.27,93,0.0,0
ACC-148,2024-10-25,33139.2,24967.68,7438.27,117,0.0,0
ACC-123,2023-11-22,34674.49,38072.66,-3583.62,133,8026.73,11
ACC-110,2024-08-26,33339.06,31255.56,2353.65,81,0.0,0
ACC-148,2024-02-12,16961.72,17282.46,282.29,38,1044.4,76
ACC-110,2023-12-19,8118.92,8344.81,82.47,34,9242.5,64
ACC-130,2024-10-09,15202.49,13011.03,2030.1,36,0.0,0
ACC-148,2024-04-20,35643.66,32770.8,2050.53,97,1752.03,15
ACC-101,2024-08-25,21178.61,21968.61,50.34,94,6532.97,54
ACC-111,2024-04-16,48572.48,36391.7,12690.56,161,1480.49,5
ACC-124,2024-09-13,44466.86,45340.7,-1489.59,93,6830.36,89
ACC-111,2023-06-07,30377.52,28037.36,2012.35,83,0.0,0
ACC-134,2024-01-06,9260.54,6624.48,1998.66,22,845.13,2
ACC-131,2024-11-11,34317.86,35254.84,-1300.96,96,4090.83,43
ACC-139,2024-06-05,28638.63,19277.86,10317.95,89,1168.66,11
ACC-124,2023-02-09,43281.01,40381.24,2764.64,181,422.18,4
ACC-127,2023-04-12,42574.82,26979.21,15421.71,88,0.0,0
ACC-115,2023-08-18,28110.25,30674.77,-1982.66,117,2333.97,89
ACC-105,2024-06-01,38003.21,24310.37,14351.85,129,0.0,0
ACC-146,2023-02-10,10004.03,6447.88,3498.35,27,0.0,0
ACC-132,2023-04-16,6880.6,4831.36,2688.77,14,0.0,0
ACC-134,2024-07-14,21298.83,16262.47,4366.92,94,0.0,0
ACC-130,2024-12-21,7263.94,4594.16,2108.53,25,50.44,15
ACC-108,2023-09-29,7280.64,7361.69,497.81,22,6791.68,33
ACC-110,2023-10-19,40496.88,35628.85,4360.66,104,1455.25,13
ACC-137,2023-09-08,5196.14,3287.71,2236.1,12,0.0,0
ACC-103,2024-04-24,25989.04,27970.29,-2013.58,71,7004.52,68
ACC-125,2024-06-19,13026.33,12566.03,378.68,40,0.0,0
ACC-111,2024-05-31,18104.64,14599.79,3127.89,84,0.0,0
ACC-115,2024-12-02,18408.65,16315.08,1859.41,63,0.0,0
ACC-101,2023-05-03,36838.35,26673.26,11020.57,113,0.0,0
ACC-113,2024-03-17,6619.36,5631.69,13.06,23,0.0,0
ACC-131,2024-01-11,10706.31,7520.25,2972.16,35,0.0,0
ACC-111,2024-03-09,5570.28,3744.51,1251.81,15,0.0,0
ACC-108,2024-02-15,25190.12,26627.11,-1612.47,72,5968.83,41
ACC-142,2024-07-03,26583.8,16315.4,9323.34,103,1914.24,2
ACC-108,2023-01-09,7681.01,6007.96,1651.34,16,1827.49,1
ACC-112,2023-10-27,37904.2,32103.95,6263.43,127,813.56,4
ACC-133,2023-12-07,26623.4,22178.3,4152.51,69,1658.44,1
ACC-104,2023-05-04,28029.64,21852.36,6702.29,62,0.0,0
ACC-131,2023-04-03,17860.36,19133.55,-1213.65,54,5630.51,26
ACC-117,2023-10-20,22513.14,14688.7,7644.34,47,1403.41,10
ACC-109,2023-06-25,12630.16,10983.9,1682.7,37,0.0,0
ACC-128,2024-10-28,19653.16,21469.16,-2230.24,67,3149.32,81
ACC-149,2023-01-17,40625.36,36633.13,4260.23,96,1946.53,7
ACC-113,2024-05-11,12776.87,13190.36,-787.22,51,2400.31,31
ACC-115,2023-07-24,40168.29,36787.78,2399.27,109,0.0,0
ACC-144,2024-04-30,6626.92,6390.97,-111.28,16,512.35,14
ACC-102,2023-11-25,11679.15,12612.98,-932.99,23,2994.54,36
ACC-117,2023-12-06,33965.35,24838.56,9534.06,99,0.0,0
ACC-103,2024-01-05,8574.83,6087.16,2558.62,35,0.0,0
ACC-140,2024-04-04,29080.95,21611.84,8075.34,61,976.06,14
ACC-148,2024-09-14,43278.35,28146.07,15552.03,199,0.0,0
ACC-127,2023-01-10,24018.55,21953.76,2002.52,84,0.0,0
ACC-145,2023-10-18,19012.92,12086.6,7045.17,64,0.0,0
ACC-100,2024-03-30,31099.77,19232.39,12118.39,62,0.0,0
ACC-145,2023-08-25,37319.23,33986.4,2579.21,139,0.0,0
ACC-132,2024-06-03,38144.22,37128.66,788.1,105,0.0,0
ACC-110,2023-02-09,41589.93,42579.39,-696.43,127,6304.49,72
ACC-111,2023-11-06,19979.21,15492.47,3507.39,63,0.0,0
ACC-110,2023-01-19,20644.76,20492.76,-97.59,84,0.0,0
ACC-116,2023-02-21,24982.95,15514.16,8831.71,105,0.0,0
ACC-120,2023-08-28,23694.87,17967.61,6417.25,99,0.0,0
ACC-114,2024-06-13,6302.54,6020.28,666.71,15,0.0,0
ACC-112,2024-01-28,37329.21,33438.96,4131.29,127,0.0,0
ACC-132,2024-04-25,43600.89,40660.73,3910.21,115,0.0,0
ACC-144,2024-03-12,33265.85,33322.21,29.91,85,9408.89,30
ACC-105,2024-01-13,40339.12,25897.14,15426.5,130,0.0,0
ACC-149,2023-01-26,39798.27,39500.04,-176.75,157,0.0,0
ACC-127,2024-08-26,6435.5,6287.06,-172.1,14,0.0,0
ACC-147,2024-01-30,33073.5,24078.44,8987.07,89,0.0,0
ACC-112,2024-11-11,41289.11,28019.23,13660.28,90,0.0,0
ACC-122,2023-03-07,46413.66,34232.25,13030.32,173,0.0,0
ACC-125,2023-03-31,29606.68,21005.64,8561.99,144,0.0,0
ACC-110,2024-03-09,28516.97,20380.49,8439.3,71,0.0,0
ACC-148,2023-01-15,49925.33,53862.43,-3612.51,211,5335.39,66
ACC-143,2024-09-18,7733.98,6027.48,2672.78,18,0.0,0
ACC-127,2023-09-19,10161.0,6579.82,3257.81,46,1145.63,11
ACC-129,2023-08-29,6753.42,7109.24,600.63,20,1840.77,51
ACC-115,2023-06-17,11810.49,10251.52,2212.9,54,0.0,0
ACC-112,2023-07-29,29363.17,19483.26,9174.3,74,0.0,0
ACC-134,2023-03-11,29049.74,24060.24,4677.77,123,0.0,0
ACC-132,2024-02-18,16591.75,15271.7,2001.39,33,0.0,0
ACC-132,2023-05-15,20345.96,19751.06,-40.98,66,0.0,0
ACC-124,2023-08-08,28032.59,24125.76,3575.25,60,480.69,13
ACC-125,2023-12-18,27384.79,26448.98,996.0,116,0.0,0
ACC-122,2024-03-21,35734.61,32527.51,3668.05,73,0.0,0
ACC-148,2023-05-03,14829.84,11766.53,3550.47,34,581.03,1
ACC-135,2024-07-11,7530.4,7099.12,673.22,22,0.0,0
ACC-125,2023-06-11,30152.73,24552.48,4862.95,106,0.0,0
ACC-130,2024-01-26,31376.14,19319.0,11595.6,69,1507.82,4
ACC-104,2024-08-04,48650.06,38468.7,10238.18,107,0.0,0
ACC-119,2024-07-12,43726.92,37023.79,6393.35,160,0.0,0
ACC-116,2024-07-21,47574.22,48499.98,-315.07,137,1433.2,16
ACC-100,2023-08-22,36450.95,30902.25,5471.68,150,0.0,0
ACC-135,2024-02-14,30632.24,19997.16,11322.52,118,0.0,0
ACC-139,2023-06-06,40923.4,27288.46,14441.38,110,6.25,14
ACC-100,2023-04-13,39801.46,39981.38,-615.79,115,2862.98,72
ACC-114,2023-03-16,30997.7,21921.45,8447.23,127,0.0,0
ACC-115,2024-10-05,28758.87,18924.53,9739.33,136,0.0,0
ACC-116,2023-11-29,49114.63,52376.46,-2375.72,162,8714.57,31
ACC-145,2024-05-16,40311.26,34046.55,5787.55,112,0.0,0
ACC-134,2024-05-24,6015.97,5892.84,-586.78,14,0.0,0
ACC-144,2023-03-27,41194.58,34787.93,6379.41,86,0.0,0
ACC-103,2024-10-23,9814.02,9861.92,-71.39,25,6451.31,21
ACC-124,2023-06-05,38475.42,24710.15,14415.17,131,0.0,0
ACC-113,2024-07-03,9584.75,6391.02,3577.32,28,0.0,0
ACC-116,2024-06-14,11386.3,11950.57,270.82,25,6633.84,12
ACC-149,2023-12-05,47964.07,35139.78,12329.27,103,0.0,0
ACC-139,2023-03-16,16108.3,12923.77,2365.36,32,0.0,0
ACC-103,2023-05-02,17468.86,17856.7,-21.33,52,6567.36,34
ACC-134,2023-06-22,20397.7,12752.83,7616.12,59,0.0,0
ACC-142,2024-04-04,48740.91,29863.26,18730.01,168,0.0,0
ACC-143,2024-09-18,16972.95,18325.5,-816.16,46,5147.19,28
ACC-128,2024-08-10,10527.61,9421.31,359.73,21,0.0,0
ACC-132,2024-07-09,45656.85,48997.3,-3011.31,144,6299.07,87
ACC-123,2023-06-18,36828.81,38565.19,-1441.73,87,2522.83,10
ACC-117,2023-03-29,47178.86,42467.17,4822.06,138,0.0,0
ACC-144,2023-05-03,48433.35,40084.41,7364.76,241,95.45,12
ACC-129,2023-08-01,37879.3,39190.84,-965.39,96,3906.73,40
ACC-140,2024-12-11,7488.83,6330.23,1394.57,30,0.0,0
ACC-124,2023-09-18,11575.4,10239.3,1693.43,27,0.0,0
ACC-106,2024-03-05,42458.1,25722.55,16802.87,98,0.0,0
ACC-136,2023-02-26,39596.77,36042.43,3019.87,188,1781.61,8
ACC-129,2023-10-14,22975.89,20620.23,2975.7,48,0.0,0
ACC-137,2024-12-11,31238.05,19858.38,12116.52,131,0.0,0
ACC-116,2023-11-07,16373.71,12896.97,4362.07,51,0.0,0
ACC-119,2023-10-16,16549.56,15451.18,1605.23,67,1423.19,8
ACC-110,2024-04-15,7833.82,5156.49,3629.1,21,0.0,0
ACC-144,2023-03-06,24890.22,22126.25,2649.56,112,0.0,0
ACC-148,2024-07-23,38354.61,34982.34,3225.48,83,0.0,0
ACC-115,2024-02-13,32419.58,24728.14,7279.87,102,0.0,0
ACC-100,2023-11-29,49454.57,47889.26,1214.33,123,853.46,10
ACC-142,2023-11-01,45639.34,31799.72,13185.32,122,1303.38,9
ACC-143,2023-07-13,16664.98,15478.2,1090.08,60,0.0,0
ACC-127,2024-05-06,22883.44,24656.29,-1933.02,85,8298.89,58
ACC-104,2024-10-15,41893.32,42159.09,-1030.9,118,3262.03,74
ACC-143,2024-08-06,11471.08,12396.62,-376.55,25,3502.28,74
ACC-125,2023-01-10,43734.96,41679.55,2846.91,102,0.0,0
ACC-129,2024-02-05,5848.05,5553.51,-641.49,22,0.0,0
ACC-138,2024-10-29,12381.29,10399.6,2904.32,25,1901.93,3
ACC-115,2023-11-24,28541.41,17393.94,11505.2,65,0.0,0
ACC-140,2023-11-10,14649.03,11865.94,2070.2,62,0.0,0
ACC-134,2024-01-15,18191.75,16854.17,2271.44,61,644.15,8
ACC-145,2023-04-27,6225.49,4283.29,2297.82,16,0.0,0
ACC-134,2023-06-06,39910.47,33423.36,5605.57,119,0.0,0
ACC-136,2024-10-25,39033.73,37907.82,1805.45,167,0.0,0
ACC-143,2024-11-26,6560.91,4680.97,2664.83,27,0.0,0
ACC-142,2023-09-13,28261.67,23542.68,5490.74,126,0.0,0
ACC-138,2024-05-04,21208.04,15337.39,6849.67,58,0.0,0
ACC-141,2023-12-22,34610.21,31235.4,3260.99,156,0.0,0
ACC-112,2023-05-27,11394.29,9245.32,2789.21,47,0.0,0
ACC-100,2023-06-02,19696.25,21365.46,-1098.36,45,1740.2,47
ACC-139,2023-07-19,16095.74,17482.63,-2127.37,32,9365.93,65
ACC-102,2024-05-30,12945.1,12238.93,-106.2,38,281.28,13
ACC-135,2023-02-01,34625.11,28611.14,5810.9,88,961.94,8
ACC-144,2023-06-14,13351.39,9170.33,3185.29,59,0.0,0
ACC-147,2024-02-09,10927.11,8692.56,3072.23,25,0.0,0
ACC-137,2024-09-17,6534.69,4656.68,2473.49,13,1733.54,7
ACC-145,2023-07-07,42463.17,45622.55,-2332.48,136,5980.31,29
ACC-125,2023-03-19,8577.02,7737.52,642.34,35,0.0,0
ACC-114,2024-01-01,46998.35,40168.58,7024.82,163,0.0,0
ACC-131,2023-02-09,46966.36,42139.62,4950.4,137,0.0,0
ACC-125,2024-07-01,24381.63,26413.28,-1550.03,50,8684.16,87
ACC-133,2023-08-08,11298.47,11076.46,209.84,23,0.0,0
ACC-148,2023-04-17,23330.27,21567.22,1010.73,60,0.0,0
ACC-132,2023-11-27,46946.31,34885.13,12813.63,154,0.0,0
ACC-142,2023-05-10,30817.07,33787.42,-2229.56,67,6766.97,72
ACC-142,2024-02-13,48497.15,41765.72,7523.72,189,0.0,0
ACC-134,2023-05-22,33146.48,23973.16,8653.88,73,0.0,0
ACC-117,2023-04-24,33821.69,29493.6,5035.62,104,0.0,0
ACC-139,2024-03-08,43725.28,45523.09,-1220.36,103,3799.24,42
ACC-119,2024-02-26,31521.17,24808.01,6025.73,83,1034.48,6
ACC-103,2024-08-19,49574.68,36492.26,14005.02,136,0.0,0
ACC-135,2024-09-27,44922.49,42169.67,2644.05,127,0.0,0
ACC-100,2024-12-04,46268.43,37391.36,9199.23,97,796.81,6
ACC-101,2024-03-02,41365.87,25791.62,14847.39,84,0.0,0
ACC-126,2023-10-09,29379.36,22518.18,5938.21,72,0.0,0
ACC-100,2024-01-25,41042.52,42804.56,-2075.57,194,3954.97,52
ACC-145,2024-12-01,9561.09,9302.33,-722.49,20,0.0,0
ACC-108,2024-10-28,40512.03,25867.67,15388.52,175,0.0,0
ACC-148,2023-12-06,40359.29,39610.87,203.16,93,0.0,0
ACC-145,2024-03-05,43589.98,46282.7,-2806.78,196,2239.91,89
ACC-139,2023-07-31,38845.59,40382.13,-1581.63,79,3903.88,21
ACC-128,2023-12-19,12109.47,12840.12,-1076.66,25,3972.21,69
ACC-109,2023-05-28,9242.77,8618.97,452.77,21,190.34,3
ACC-133,2023-02-18,39382.48,35899.74,3504.22,103,0.0,0
ACC-124,2024-06-18,36349.2,38216.47,-2801.75,166,3151.67,80
ACC-132,2024-02-14,46727.95,39818.19,5919.53,202,1868.69,9
ACC-124,2023-08-12,28648.39,30796.75,-2189.0,91,9692.24,33
ACC-141,2024-03-23,35306.31,28104.55,8125.74,151,0.0,0
ACC-101,2024-06-24,30258.17,27570.26,3348.48,84,0.0,0
ACC-147,2024-10-20,29786.92,28686.53,1376.83,67,0.0,0
ACC-106,2024-04-24,40724.4,33313.32,6917.37,93,846.67,14
ACC-125,2023-01-01,8371.52,8006.03,461.73,29,1004.76,15
ACC-135,2024-08-25,29979.88,19686.31,11053.13,92,463.51,3
ACC-143,2023-03-06,8872.21,5375.29,2865.47,23,1125.45,4
ACC-121,2024-09-18,17060.09,17350.99,497.22,40,3925.34,65
ACC-113,2024-04-03,12104.88,12927.34,96.52,36,1732.22,41
ACC-135,2023-08-14,28226.46,22324.43,6321.79,61,0.0,0
ACC-127,2023-07-27,20922.28,13611.82,8174.59,51,1476.59,9
ACC-130,2024-08-11,48317.69,31845.16,16152.49,221,0.0,0
ACC-136,2023-12-10,14447.92,11168.63,3019.88,45,0.0,0
ACC-134,2024-06-12,41316.88,43592.15,-3223.78,183,7129.99,68
ACC-104,2024-01-14,38531.32,27806.12,10694.39,146,0.0,0
